<?xml version='1.0' encoding='UTF-8'?>
<backup xmlns="http://www.atlassian.com/ao" xmlns:xsi="http://www.w3.org/2001/XMLSchema-instance">
  <database>
    <meta key="database.name" value="H2"/>
    <meta key="database.version" value="1.4.185 (2015-01-16)"/>
    <meta key="database.minorVersion" value="4"/>
    <meta key="database.majorVersion" value="1"/>
    <meta key="driver.name" value="H2 JDBC Driver"/>
    <meta key="driver.version" value="1.4.185 (2015-01-16)"/>
  </database>
  <table name="AO_0AC321_RECOMMENDATION_AO">
    <column name="CATEGORY" primaryKey="false" autoIncrement="false" sqlType="12" precision="255"/>
    <column name="CUSTOM_FIELD_ID" primaryKey="false" autoIncrement="false" sqlType="-5" precision="19"/>
    <column name="ID" primaryKey="true" autoIncrement="false" sqlType="12" precision="255"/>
    <column name="NAME" primaryKey="false" autoIncrement="false" sqlType="12" precision="255"/>
    <column name="PERFORMANCE_IMPACT" primaryKey="false" autoIncrement="false" sqlType="8" precision="17"/>
    <column name="PROJECT_IDS" primaryKey="false" autoIncrement="false" sqlType="2005" precision="2147483647"/>
    <column name="RESOLVED" primaryKey="false" autoIncrement="false" sqlType="16" precision="1"/>
    <column name="TYPE" primaryKey="false" autoIncrement="false" sqlType="12" precision="255"/>
  </table>
  <table name="AO_21D670_WHITELIST_RULES">
    <column name="ALLOWINBOUND" primaryKey="false" autoIncrement="false" sqlType="16" precision="1"/>
    <column name="EXPRESSION" primaryKey="false" autoIncrement="false" sqlType="2005" precision="2147483647"/>
    <column name="ID" primaryKey="true" autoIncrement="true" sqlType="4" precision="10"/>
    <column name="TYPE" primaryKey="false" autoIncrement="false" sqlType="12" precision="255"/>
  </table>
  <table name="AO_21F425_MESSAGE_AO">
    <column name="CONTENT" primaryKey="false" autoIncrement="false" sqlType="2005" precision="2147483647"/>
    <column name="ID" primaryKey="true" autoIncrement="false" sqlType="12" precision="255"/>
  </table>
  <table name="AO_21F425_MESSAGE_MAPPING_AO">
    <column name="ID" primaryKey="true" autoIncrement="true" sqlType="4" precision="10"/>
    <column name="MESSAGE_ID" primaryKey="false" autoIncrement="false" sqlType="12" precision="255"/>
    <column name="USER_HASH" primaryKey="false" autoIncrement="false" sqlType="12" precision="255"/>
  </table>
  <table name="AO_21F425_USER_PROPERTY_AO">
    <column name="ID" primaryKey="true" autoIncrement="true" sqlType="4" precision="10"/>
    <column name="KEY" primaryKey="false" autoIncrement="false" sqlType="12" precision="255"/>
    <column name="USER" primaryKey="false" autoIncrement="false" sqlType="12" precision="255"/>
    <column name="VALUE" primaryKey="false" autoIncrement="false" sqlType="12" precision="255"/>
  </table>
  <table name="AO_38321B_CUSTOM_CONTENT_LINK">
    <column name="CONTENT_KEY" primaryKey="false" autoIncrement="false" sqlType="12" precision="255"/>
    <column name="ID" primaryKey="true" autoIncrement="true" sqlType="4" precision="10"/>
    <column name="LINK_LABEL" primaryKey="false" autoIncrement="false" sqlType="12" precision="255"/>
    <column name="LINK_URL" primaryKey="false" autoIncrement="false" sqlType="12" precision="255"/>
    <column name="SEQUENCE" primaryKey="false" autoIncrement="false" sqlType="4" precision="10"/>
  </table>
  <table name="AO_3B1893_LOOP_DETECTION">
    <column name="COUNTER" primaryKey="false" autoIncrement="false" sqlType="4" precision="10"/>
    <column name="EXPIRES_AT" primaryKey="false" autoIncrement="false" sqlType="-5" precision="19"/>
    <column name="ID" primaryKey="true" autoIncrement="true" sqlType="4" precision="10"/>
    <column name="SENDER_EMAIL" primaryKey="false" autoIncrement="false" sqlType="2005" precision="2147483647"/>
  </table>
  <table name="AO_4789DD_HEALTH_CHECK_STATUS">
    <column name="APPLICATION_NAME" primaryKey="false" autoIncrement="false" sqlType="12" precision="255"/>
    <column name="COMPLETE_KEY" primaryKey="false" autoIncrement="false" sqlType="12" precision="255"/>
    <column name="DESCRIPTION" primaryKey="false" autoIncrement="false" sqlType="12" precision="255"/>
    <column name="FAILED_DATE" primaryKey="false" autoIncrement="false" sqlType="93" precision="23" scale="10"/>
    <column name="FAILURE_REASON" primaryKey="false" autoIncrement="false" sqlType="12" precision="450"/>
    <column name="ID" primaryKey="true" autoIncrement="true" sqlType="4" precision="10"/>
    <column name="IS_HEALTHY" primaryKey="false" autoIncrement="false" sqlType="16" precision="1"/>
    <column name="IS_RESOLVED" primaryKey="false" autoIncrement="false" sqlType="16" precision="1"/>
    <column name="RESOLVED_DATE" primaryKey="false" autoIncrement="false" sqlType="93" precision="23" scale="10"/>
    <column name="SEVERITY" primaryKey="false" autoIncrement="false" sqlType="12" precision="255"/>
    <column name="STATUS_NAME" primaryKey="false" autoIncrement="false" sqlType="12" precision="255"/>
  </table>
  <table name="AO_4789DD_PROPERTIES">
    <column name="ID" primaryKey="true" autoIncrement="true" sqlType="4" precision="10"/>
    <column name="PROPERTY_NAME" primaryKey="false" autoIncrement="false" sqlType="12" precision="255"/>
    <column name="PROPERTY_VALUE" primaryKey="false" autoIncrement="false" sqlType="12" precision="255"/>
  </table>
  <table name="AO_4789DD_READ_NOTIFICATIONS">
    <column name="ID" primaryKey="true" autoIncrement="true" sqlType="4" precision="10"/>
    <column name="IS_SNOOZED" primaryKey="false" autoIncrement="false" sqlType="16" precision="1"/>
    <column name="NOTIFICATION_ID" primaryKey="false" autoIncrement="false" sqlType="4" precision="10"/>
    <column name="SNOOZE_COUNT" primaryKey="false" autoIncrement="false" sqlType="4" precision="10"/>
    <column name="SNOOZE_DATE" primaryKey="false" autoIncrement="false" sqlType="93" precision="23" scale="10"/>
    <column name="USER_KEY" primaryKey="false" autoIncrement="false" sqlType="12" precision="255"/>
  </table>
  <table name="AO_4789DD_TASK_MONITOR">
    <column name="CLUSTERED_TASK_ID" primaryKey="false" autoIncrement="false" sqlType="12" precision="255"/>
    <column name="CREATED_TIMESTAMP" primaryKey="false" autoIncrement="false" sqlType="-5" precision="19"/>
    <column name="ID" primaryKey="true" autoIncrement="true" sqlType="4" precision="10"/>
    <column name="NODE_ID" primaryKey="false" autoIncrement="false" sqlType="12" precision="255"/>
    <column name="PROGRESS_MESSAGE" primaryKey="false" autoIncrement="false" sqlType="2005" precision="2147483647"/>
    <column name="PROGRESS_PERCENTAGE" primaryKey="false" autoIncrement="false" sqlType="4" precision="10"/>
    <column name="SERIALIZED_ERRORS" primaryKey="false" autoIncrement="false" sqlType="2005" precision="2147483647"/>
    <column name="SERIALIZED_WARNINGS" primaryKey="false" autoIncrement="false" sqlType="2005" precision="2147483647"/>
    <column name="TASK_ID" primaryKey="false" autoIncrement="false" sqlType="12" precision="255"/>
    <column name="TASK_MONITOR_KIND" primaryKey="false" autoIncrement="false" sqlType="12" precision="255"/>
    <column name="TASK_STATUS" primaryKey="false" autoIncrement="false" sqlType="2005" precision="2147483647"/>
  </table>
  <table name="AO_4AEACD_WEBHOOK_DAO">
    <column name="ENABLED" primaryKey="false" autoIncrement="false" sqlType="16" precision="1"/>
    <column name="ENCODED_EVENTS" primaryKey="false" autoIncrement="false" sqlType="2005" precision="2147483647"/>
    <column name="EXCLUDE_ISSUE_DETAILS" primaryKey="false" autoIncrement="false" sqlType="16" precision="1"/>
    <column name="FILTER" primaryKey="false" autoIncrement="false" sqlType="2005" precision="2147483647"/>
    <column name="ID" primaryKey="true" autoIncrement="true" sqlType="4" precision="10"/>
    <column name="JQL" primaryKey="false" autoIncrement="false" sqlType="12" precision="255"/>
    <column name="LAST_UPDATED" primaryKey="false" autoIncrement="false" sqlType="93" precision="23" scale="10"/>
    <column name="LAST_UPDATED_USER" primaryKey="false" autoIncrement="false" sqlType="12" precision="255"/>
    <column name="NAME" primaryKey="false" autoIncrement="false" sqlType="2005" precision="2147483647"/>
    <column name="PARAMETERS" primaryKey="false" autoIncrement="false" sqlType="2005" precision="2147483647"/>
    <column name="REGISTRATION_METHOD" primaryKey="false" autoIncrement="false" sqlType="12" precision="255"/>
    <column name="URL" primaryKey="false" autoIncrement="false" sqlType="2005" precision="2147483647"/>
  </table>
  <table name="AO_550953_SHORTCUT">
    <column name="ICON" primaryKey="false" autoIncrement="false" sqlType="12" precision="255"/>
    <column name="ID" primaryKey="true" autoIncrement="true" sqlType="4" precision="10"/>
    <column name="NAME" primaryKey="false" autoIncrement="false" sqlType="12" precision="255"/>
    <column name="PROJECT_ID" primaryKey="false" autoIncrement="false" sqlType="-5" precision="19"/>
    <column name="SHORTCUT_URL" primaryKey="false" autoIncrement="false" sqlType="2005" precision="2147483647"/>
    <column name="URL" primaryKey="false" autoIncrement="false" sqlType="12" precision="255"/>
  </table>
  <table name="AO_563AEE_ACTIVITY_ENTITY">
    <column name="ACTIVITY_ID" primaryKey="true" autoIncrement="true" sqlType="-5" precision="19"/>
    <column name="ACTOR_ID" primaryKey="false" autoIncrement="false" sqlType="4" precision="10"/>
    <column name="CONTENT" primaryKey="false" autoIncrement="false" sqlType="2005" precision="2147483647"/>
    <column name="GENERATOR_DISPLAY_NAME" primaryKey="false" autoIncrement="false" sqlType="12" precision="255"/>
    <column name="GENERATOR_ID" primaryKey="false" autoIncrement="false" sqlType="12" precision="450"/>
    <column name="ICON_ID" primaryKey="false" autoIncrement="false" sqlType="4" precision="10"/>
    <column name="ID" primaryKey="false" autoIncrement="false" sqlType="12" precision="450"/>
    <column name="ISSUE_KEY" primaryKey="false" autoIncrement="false" sqlType="12" precision="255"/>
    <column name="OBJECT_ID" primaryKey="false" autoIncrement="false" sqlType="4" precision="10"/>
    <column name="POSTER" primaryKey="false" autoIncrement="false" sqlType="12" precision="255"/>
    <column name="PROJECT_KEY" primaryKey="false" autoIncrement="false" sqlType="12" precision="255"/>
    <column name="PUBLISHED" primaryKey="false" autoIncrement="false" sqlType="93" precision="23" scale="10"/>
    <column name="TARGET_ID" primaryKey="false" autoIncrement="false" sqlType="4" precision="10"/>
    <column name="TITLE" primaryKey="false" autoIncrement="false" sqlType="12" precision="255"/>
    <column name="URL" primaryKey="false" autoIncrement="false" sqlType="12" precision="450"/>
    <column name="USERNAME" primaryKey="false" autoIncrement="false" sqlType="12" precision="255"/>
    <column name="VERB" primaryKey="false" autoIncrement="false" sqlType="12" precision="450"/>
    <foreignKey fromTable="AO_563AEE_ACTIVITY_ENTITY" fromColumn="ACTOR_ID" toTable="AO_563AEE_ACTOR_ENTITY" toColumn="ID"/>
    <foreignKey fromTable="AO_563AEE_ACTIVITY_ENTITY" fromColumn="ICON_ID" toTable="AO_563AEE_MEDIA_LINK_ENTITY" toColumn="ID"/>
    <foreignKey fromTable="AO_563AEE_ACTIVITY_ENTITY" fromColumn="OBJECT_ID" toTable="AO_563AEE_OBJECT_ENTITY" toColumn="ID"/>
    <foreignKey fromTable="AO_563AEE_ACTIVITY_ENTITY" fromColumn="TARGET_ID" toTable="AO_563AEE_TARGET_ENTITY" toColumn="ID"/>
  </table>
  <table name="AO_563AEE_ACTOR_ENTITY">
    <column name="FULL_NAME" primaryKey="false" autoIncrement="false" sqlType="12" precision="255"/>
    <column name="ID" primaryKey="true" autoIncrement="true" sqlType="4" precision="10"/>
    <column name="PROFILE_PAGE_URI" primaryKey="false" autoIncrement="false" sqlType="12" precision="450"/>
    <column name="PROFILE_PICTURE_URI" primaryKey="false" autoIncrement="false" sqlType="12" precision="450"/>
    <column name="USERNAME" primaryKey="false" autoIncrement="false" sqlType="12" precision="255"/>
  </table>
  <table name="AO_563AEE_MEDIA_LINK_ENTITY">
    <column name="DURATION" primaryKey="false" autoIncrement="false" sqlType="4" precision="10"/>
    <column name="HEIGHT" primaryKey="false" autoIncrement="false" sqlType="4" precision="10"/>
    <column name="ID" primaryKey="true" autoIncrement="true" sqlType="4" precision="10"/>
    <column name="URL" primaryKey="false" autoIncrement="false" sqlType="12" precision="450"/>
    <column name="WIDTH" primaryKey="false" autoIncrement="false" sqlType="4" precision="10"/>
  </table>
  <table name="AO_563AEE_OBJECT_ENTITY">
    <column name="CONTENT" primaryKey="false" autoIncrement="false" sqlType="12" precision="255"/>
    <column name="DISPLAY_NAME" primaryKey="false" autoIncrement="false" sqlType="12" precision="255"/>
    <column name="ID" primaryKey="true" autoIncrement="true" sqlType="4" precision="10"/>
    <column name="IMAGE_ID" primaryKey="false" autoIncrement="false" sqlType="4" precision="10"/>
    <column name="OBJECT_ID" primaryKey="false" autoIncrement="false" sqlType="12" precision="450"/>
    <column name="OBJECT_TYPE" primaryKey="false" autoIncrement="false" sqlType="12" precision="450"/>
    <column name="SUMMARY" primaryKey="false" autoIncrement="false" sqlType="12" precision="255"/>
    <column name="URL" primaryKey="false" autoIncrement="false" sqlType="12" precision="450"/>
    <foreignKey fromTable="AO_563AEE_OBJECT_ENTITY" fromColumn="IMAGE_ID" toTable="AO_563AEE_MEDIA_LINK_ENTITY" toColumn="ID"/>
  </table>
  <table name="AO_563AEE_TARGET_ENTITY">
    <column name="CONTENT" primaryKey="false" autoIncrement="false" sqlType="12" precision="255"/>
    <column name="DISPLAY_NAME" primaryKey="false" autoIncrement="false" sqlType="12" precision="255"/>
    <column name="ID" primaryKey="true" autoIncrement="true" sqlType="4" precision="10"/>
    <column name="IMAGE_ID" primaryKey="false" autoIncrement="false" sqlType="4" precision="10"/>
    <column name="OBJECT_ID" primaryKey="false" autoIncrement="false" sqlType="12" precision="450"/>
    <column name="OBJECT_TYPE" primaryKey="false" autoIncrement="false" sqlType="12" precision="450"/>
    <column name="SUMMARY" primaryKey="false" autoIncrement="false" sqlType="12" precision="255"/>
    <column name="URL" primaryKey="false" autoIncrement="false" sqlType="12" precision="450"/>
    <foreignKey fromTable="AO_563AEE_TARGET_ENTITY" fromColumn="IMAGE_ID" toTable="AO_563AEE_MEDIA_LINK_ENTITY" toColumn="ID"/>
  </table>
  <table name="AO_587B34_GLANCE_CONFIG">
    <column name="APPLICATION_USER_KEY" primaryKey="false" autoIncrement="false" sqlType="12" precision="255"/>
    <column name="JQL" primaryKey="false" autoIncrement="false" sqlType="12" precision="255"/>
    <column name="NAME" primaryKey="false" autoIncrement="false" sqlType="12" precision="255"/>
    <column name="ROOM_ID" primaryKey="true" autoIncrement="false" sqlType="-5" precision="19"/>
    <column name="STATE" primaryKey="false" autoIncrement="false" sqlType="12" precision="255"/>
    <column name="SYNC_NEEDED" primaryKey="false" autoIncrement="false" sqlType="16" precision="1"/>
  </table>
  <table name="AO_587B34_PROJECT_CONFIG">
    <column name="CONFIGURATION_GROUP_ID" primaryKey="false" autoIncrement="false" sqlType="12" precision="255"/>
    <column name="ID" primaryKey="true" autoIncrement="true" sqlType="4" precision="10"/>
    <column name="NAME" primaryKey="false" autoIncrement="false" sqlType="12" precision="255"/>
    <column name="NAME_UNIQUE_CONSTRAINT" primaryKey="false" autoIncrement="false" sqlType="12" precision="255"/>
    <column name="PROJECT_ID" primaryKey="false" autoIncrement="false" sqlType="-5" precision="19"/>
    <column name="ROOM_ID" primaryKey="false" autoIncrement="false" sqlType="-5" precision="19"/>
    <column name="VALUE" primaryKey="false" autoIncrement="false" sqlType="12" precision="255"/>
  </table>
  <table name="AO_5FB9D7_AOHIP_CHAT_LINK">
    <column name="ADDON_TOKEN_EXPIRY" primaryKey="false" autoIncrement="false" sqlType="93" precision="23" scale="10"/>
    <column name="API_URL" primaryKey="false" autoIncrement="false" sqlType="12" precision="255"/>
    <column name="CONNECT_DESCRIPTOR" primaryKey="false" autoIncrement="false" sqlType="2005" precision="2147483647"/>
    <column name="GROUP_ID" primaryKey="false" autoIncrement="false" sqlType="4" precision="10"/>
    <column name="GROUP_NAME" primaryKey="false" autoIncrement="false" sqlType="12" precision="255"/>
    <column name="ID" primaryKey="true" autoIncrement="true" sqlType="4" precision="10"/>
    <column name="OAUTH_ID" primaryKey="false" autoIncrement="false" sqlType="12" precision="255"/>
    <column name="SECRET_KEY" primaryKey="false" autoIncrement="false" sqlType="12" precision="255"/>
    <column name="SYSTEM_PASSWORD" primaryKey="false" autoIncrement="false" sqlType="12" precision="255"/>
    <column name="SYSTEM_TOKEN_EXPIRY" primaryKey="false" autoIncrement="false" sqlType="93" precision="23" scale="10"/>
    <column name="SYSTEM_USER" primaryKey="false" autoIncrement="false" sqlType="12" precision="255"/>
    <column name="SYSTEM_USER_TOKEN" primaryKey="false" autoIncrement="false" sqlType="12" precision="255"/>
    <column name="TOKEN" primaryKey="false" autoIncrement="false" sqlType="12" precision="255"/>
  </table>
  <table name="AO_5FB9D7_AOHIP_CHAT_USER">
    <column name="HIP_CHAT_LINK_ID" primaryKey="false" autoIncrement="false" sqlType="4" precision="10"/>
    <column name="HIP_CHAT_USER_ID" primaryKey="false" autoIncrement="false" sqlType="12" precision="255"/>
    <column name="HIP_CHAT_USER_NAME" primaryKey="false" autoIncrement="false" sqlType="12" precision="255"/>
    <column name="ID" primaryKey="true" autoIncrement="true" sqlType="4" precision="10"/>
    <column name="REFRESH_CODE" primaryKey="false" autoIncrement="false" sqlType="12" precision="255"/>
    <column name="USER_KEY" primaryKey="false" autoIncrement="false" sqlType="12" precision="255"/>
    <column name="USER_SCOPES" primaryKey="false" autoIncrement="false" sqlType="12" precision="255"/>
    <column name="USER_TOKEN" primaryKey="false" autoIncrement="false" sqlType="12" precision="255"/>
    <column name="USER_TOKEN_EXPIRY" primaryKey="false" autoIncrement="false" sqlType="93" precision="23" scale="10"/>
    <foreignKey fromTable="AO_5FB9D7_AOHIP_CHAT_USER" fromColumn="HIP_CHAT_LINK_ID" toTable="AO_5FB9D7_AOHIP_CHAT_LINK" toColumn="ID"/>
  </table>
  <table name="AO_97EDAB_USERINVITATION">
    <column name="APPLICATION_KEYS" primaryKey="false" autoIncrement="false" sqlType="12" precision="255"/>
    <column name="EMAIL_ADDRESS" primaryKey="false" autoIncrement="false" sqlType="12" precision="255"/>
    <column name="EXPIRY" primaryKey="false" autoIncrement="false" sqlType="93" precision="23" scale="10"/>
    <column name="ID" primaryKey="true" autoIncrement="true" sqlType="4" precision="10"/>
    <column name="REDEEMED" primaryKey="false" autoIncrement="false" sqlType="16" precision="1"/>
    <column name="SENDER_USERNAME" primaryKey="false" autoIncrement="false" sqlType="12" precision="255"/>
    <column name="TOKEN" primaryKey="false" autoIncrement="false" sqlType="12" precision="255"/>
  </table>
  <table name="AO_A0B856_WEB_HOOK_LISTENER_AO">
    <column name="DESCRIPTION" primaryKey="false" autoIncrement="false" sqlType="2005" precision="2147483647"/>
    <column name="ENABLED" primaryKey="false" autoIncrement="false" sqlType="16" precision="1"/>
    <column name="EVENTS" primaryKey="false" autoIncrement="false" sqlType="2005" precision="2147483647"/>
    <column name="EXCLUDE_BODY" primaryKey="false" autoIncrement="false" sqlType="16" precision="1"/>
    <column name="FILTERS" primaryKey="false" autoIncrement="false" sqlType="2005" precision="2147483647"/>
    <column name="ID" primaryKey="true" autoIncrement="true" sqlType="4" precision="10"/>
    <column name="LAST_UPDATED" primaryKey="false" autoIncrement="false" sqlType="93" precision="23" scale="10"/>
    <column name="LAST_UPDATED_USER" primaryKey="false" autoIncrement="false" sqlType="12" precision="255"/>
    <column name="NAME" primaryKey="false" autoIncrement="false" sqlType="2005" precision="2147483647"/>
    <column name="PARAMETERS" primaryKey="false" autoIncrement="false" sqlType="2005" precision="2147483647"/>
    <column name="REGISTRATION_METHOD" primaryKey="false" autoIncrement="false" sqlType="12" precision="255"/>
    <column name="URL" primaryKey="false" autoIncrement="false" sqlType="2005" precision="2147483647"/>
  </table>
  <table name="AO_A44657_HEALTH_CHECK_ENTITY">
    <column name="ID" primaryKey="true" autoIncrement="true" sqlType="4" precision="10"/>
  </table>
  <table name="AO_B9A0F0_APPLIED_TEMPLATE">
    <column name="ID" primaryKey="true" autoIncrement="true" sqlType="4" precision="10"/>
    <column name="PROJECT_ID" primaryKey="false" autoIncrement="false" sqlType="-5" precision="19"/>
    <column name="PROJECT_TEMPLATE_MODULE_KEY" primaryKey="false" autoIncrement="false" sqlType="12" precision="255"/>
    <column name="PROJECT_TEMPLATE_WEB_ITEM_KEY" primaryKey="false" autoIncrement="false" sqlType="12" precision="255"/>
  </table>
  <table name="AO_C16815_ALERT_AO">
    <column name="CREATED_DATE" primaryKey="false" autoIncrement="false" sqlType="-5" precision="19"/>
    <column name="DETAILS_JSON" primaryKey="false" autoIncrement="false" sqlType="2005" precision="2147483647"/>
    <column name="ID" primaryKey="true" autoIncrement="true" sqlType="-5" precision="19"/>
    <column name="ISSUE_COMPONENT_ID" primaryKey="false" autoIncrement="false" sqlType="12" precision="255"/>
    <column name="ISSUE_ID" primaryKey="false" autoIncrement="false" sqlType="12" precision="255"/>
    <column name="ISSUE_SEVERITY" primaryKey="false" autoIncrement="false" sqlType="4" precision="10"/>
    <column name="NODE_NAME" primaryKey="false" autoIncrement="false" sqlType="12" precision="255"/>
    <column name="TRIGGER_MODULE" primaryKey="false" autoIncrement="false" sqlType="12" precision="255"/>
    <column name="TRIGGER_PLUGIN_KEY" primaryKey="false" autoIncrement="false" sqlType="12" precision="255"/>
    <column name="TRIGGER_PLUGIN_KEY_VERSION" primaryKey="false" autoIncrement="false" sqlType="12" precision="255"/>
    <column name="TRIGGER_PLUGIN_VERSION" primaryKey="false" autoIncrement="false" sqlType="12" precision="255"/>
  </table>
  <table name="AO_DEB285_BLOG_AO">
    <column name="AUTHOR" primaryKey="false" autoIncrement="false" sqlType="12" precision="255"/>
    <column name="ID" primaryKey="true" autoIncrement="true" sqlType="-5" precision="19"/>
    <column name="TEXT" primaryKey="false" autoIncrement="false" sqlType="12" precision="255"/>
  </table>
  <table name="AO_DEB285_COMMENT_AO">
    <column name="AUTHOR" primaryKey="false" autoIncrement="false" sqlType="12" precision="255"/>
    <column name="BLOG_ID" primaryKey="false" autoIncrement="false" sqlType="-5" precision="19"/>
    <column name="COMMENT" primaryKey="false" autoIncrement="false" sqlType="12" precision="255"/>
    <column name="DATE" primaryKey="false" autoIncrement="false" sqlType="93" precision="23" scale="10"/>
    <column name="ID" primaryKey="true" autoIncrement="true" sqlType="4" precision="10"/>
    <foreignKey fromTable="AO_DEB285_COMMENT_AO" fromColumn="BLOG_ID" toTable="AO_DEB285_BLOG_AO" toColumn="ID"/>
  </table>
  <table name="AO_ED669C_SEEN_ASSERTIONS">
    <column name="ASSERTION_ID" primaryKey="false" autoIncrement="false" sqlType="12" precision="255"/>
    <column name="EXPIRY_TIMESTAMP" primaryKey="false" autoIncrement="false" sqlType="-5" precision="19"/>
    <column name="ID" primaryKey="true" autoIncrement="true" sqlType="4" precision="10"/>
  </table>
  <data tableName="AO_0AC321_RECOMMENDATION_AO">
    <column name="CATEGORY"/>
    <column name="CUSTOM_FIELD_ID"/>
    <column name="ID"/>
    <column name="NAME"/>
    <column name="PERFORMANCE_IMPACT"/>
    <column name="PROJECT_IDS"/>
    <column name="RESOLVED"/>
    <column name="TYPE"/>
  </data>
  <data tableName="AO_21D670_WHITELIST_RULES">
    <column name="ALLOWINBOUND"/>
    <column name="EXPRESSION"/>
    <column name="ID"/>
    <column name="TYPE"/>
    <row>
      <boolean>false</boolean>
      <string>http://www.atlassian.com/*</string>
      <integer>1</integer>
      <string>WILDCARD_EXPRESSION</string>
    </row>
    <row>
      <boolean>false</boolean>
      <string>http://www.atlassian.com/*</string>
      <integer>33</integer>
      <string>WILDCARD_EXPRESSION</string>
    </row>
  </data>
  <data tableName="AO_21F425_MESSAGE_AO">
    <column name="CONTENT"/>
    <column name="ID"/>
  </data>
  <data tableName="AO_21F425_MESSAGE_MAPPING_AO">
    <column name="ID"/>
    <column name="MESSAGE_ID"/>
    <column name="USER_HASH"/>
  </data>
  <data tableName="AO_21F425_USER_PROPERTY_AO">
    <column name="ID"/>
    <column name="KEY"/>
    <column name="USER"/>
    <column name="VALUE"/>
  </data>
  <data tableName="AO_38321B_CUSTOM_CONTENT_LINK">
    <column name="CONTENT_KEY"/>
    <column name="ID"/>
    <column name="LINK_LABEL"/>
    <column name="LINK_URL"/>
    <column name="SEQUENCE"/>
  </data>
  <data tableName="AO_3B1893_LOOP_DETECTION">
    <column name="COUNTER"/>
    <column name="EXPIRES_AT"/>
    <column name="ID"/>
    <column name="SENDER_EMAIL"/>
  </data>
  <data tableName="AO_4789DD_HEALTH_CHECK_STATUS">
    <column name="APPLICATION_NAME"/>
    <column name="COMPLETE_KEY"/>
    <column name="DESCRIPTION"/>
    <column name="FAILED_DATE"/>
    <column name="FAILURE_REASON"/>
    <column name="ID"/>
    <column name="IS_HEALTHY"/>
    <column name="IS_RESOLVED"/>
    <column name="RESOLVED_DATE"/>
    <column name="SEVERITY"/>
    <column name="STATUS_NAME"/>
  </data>
  <data tableName="AO_4789DD_PROPERTIES">
    <column name="ID"/>
    <column name="PROPERTY_NAME"/>
    <column name="PROPERTY_VALUE"/>
    <row>
      <integer>1</integer>
      <string>last-run</string>
      <string>1723729670457</string>
    </row>
  </data>
  <data tableName="AO_4789DD_READ_NOTIFICATIONS">
    <column name="ID"/>
    <column name="IS_SNOOZED"/>
    <column name="NOTIFICATION_ID"/>
    <column name="SNOOZE_COUNT"/>
    <column name="SNOOZE_DATE"/>
    <column name="USER_KEY"/>
  </data>
  <data tableName="AO_4789DD_TASK_MONITOR">
    <column name="CLUSTERED_TASK_ID"/>
    <column name="CREATED_TIMESTAMP"/>
    <column name="ID"/>
    <column name="NODE_ID"/>
    <column name="PROGRESS_MESSAGE"/>
    <column name="PROGRESS_PERCENTAGE"/>
    <column name="SERIALIZED_ERRORS"/>
    <column name="SERIALIZED_WARNINGS"/>
    <column name="TASK_ID"/>
    <column name="TASK_MONITOR_KIND"/>
    <column name="TASK_STATUS"/>
  </data>
  <data tableName="AO_4AEACD_WEBHOOK_DAO">
    <column name="ENABLED"/>
    <column name="ENCODED_EVENTS"/>
    <column name="FILTER"/>
    <column name="ID"/>
    <column name="JQL"/>
    <column name="LAST_UPDATED"/>
    <column name="LAST_UPDATED_USER"/>
    <column name="NAME"/>
    <column name="REGISTRATION_METHOD"/>
    <column name="URL"/>
    <column name="EXCLUDE_ISSUE_DETAILS"/>
    <column name="PARAMETERS"/>
  </data>
  <data tableName="AO_550953_SHORTCUT">
    <column name="ID"/>
    <column name="NAME"/>
    <column name="PROJECT_ID"/>
    <column name="SHORTCUT_URL"/>
    <column name="URL"/>
    <column name="ICON"/>
    <row>
      <integer>1</integer>
      <string>Project management ideas</string>
      <integer>10000</integer>
      <string>https://docs.atlassian.com/jira/jcore-docs-0713/Project+management</string>
      <string xsi:nil="true"/>
      <string></string>
    </row>
    <row>
      <integer>2</integer>
      <string>Working in a project</string>
      <integer>10000</integer>
      <string>https://docs.atlassian.com/jira/jcore-docs-0713/Working+in+a+project</string>
      <string xsi:nil="true"/>
      <string></string>
    </row>
  </data>
  <data tableName="AO_563AEE_ACTIVITY_ENTITY">
    <column name="ACTIVITY_ID"/>
    <column name="ACTOR_ID"/>
    <column name="CONTENT"/>
    <column name="GENERATOR_DISPLAY_NAME"/>
    <column name="GENERATOR_ID"/>
    <column name="ICON_ID"/>
    <column name="ID"/>
    <column name="ISSUE_KEY"/>
    <column name="OBJECT_ID"/>
    <column name="POSTER"/>
    <column name="PROJECT_KEY"/>
    <column name="PUBLISHED"/>
    <column name="TARGET_ID"/>
    <column name="TITLE"/>
    <column name="URL"/>
    <column name="USERNAME"/>
    <column name="VERB"/>
  </data>
  <data tableName="AO_563AEE_ACTOR_ENTITY">
    <column name="FULL_NAME"/>
    <column name="ID"/>
    <column name="PROFILE_PAGE_URI"/>
    <column name="PROFILE_PICTURE_URI"/>
    <column name="USERNAME"/>
  </data>
  <data tableName="AO_563AEE_MEDIA_LINK_ENTITY">
    <column name="DURATION"/>
    <column name="HEIGHT"/>
    <column name="ID"/>
    <column name="URL"/>
    <column name="WIDTH"/>
  </data>
  <data tableName="AO_563AEE_OBJECT_ENTITY">
    <column name="CONTENT"/>
    <column name="DISPLAY_NAME"/>
    <column name="ID"/>
    <column name="IMAGE_ID"/>
    <column name="OBJECT_ID"/>
    <column name="OBJECT_TYPE"/>
    <column name="SUMMARY"/>
    <column name="URL"/>
  </data>
  <data tableName="AO_563AEE_TARGET_ENTITY">
    <column name="CONTENT"/>
    <column name="DISPLAY_NAME"/>
    <column name="ID"/>
    <column name="IMAGE_ID"/>
    <column name="OBJECT_ID"/>
    <column name="OBJECT_TYPE"/>
    <column name="SUMMARY"/>
    <column name="URL"/>
  </data>
  <data tableName="AO_587B34_GLANCE_CONFIG">
    <column name="ROOM_ID"/>
    <column name="STATE"/>
    <column name="SYNC_NEEDED"/>
    <column name="NAME"/>
    <column name="APPLICATION_USER_KEY"/>
    <column name="JQL"/>
  </data>
  <data tableName="AO_587B34_PROJECT_CONFIG">
    <column name="CONFIGURATION_GROUP_ID"/>
    <column name="ID"/>
    <column name="NAME"/>
    <column name="NAME_UNIQUE_CONSTRAINT"/>
    <column name="PROJECT_ID"/>
    <column name="ROOM_ID"/>
    <column name="VALUE"/>
  </data>
  <data tableName="AO_5FB9D7_AOHIP_CHAT_LINK">
    <column name="ADDON_TOKEN_EXPIRY"/>
    <column name="API_URL"/>
    <column name="CONNECT_DESCRIPTOR"/>
    <column name="GROUP_ID"/>
    <column name="GROUP_NAME"/>
    <column name="ID"/>
    <column name="OAUTH_ID"/>
    <column name="SECRET_KEY"/>
    <column name="SYSTEM_PASSWORD"/>
    <column name="SYSTEM_TOKEN_EXPIRY"/>
    <column name="SYSTEM_USER"/>
    <column name="SYSTEM_USER_TOKEN"/>
    <column name="TOKEN"/>
  </data>
  <data tableName="AO_5FB9D7_AOHIP_CHAT_USER">
    <column name="HIP_CHAT_LINK_ID"/>
    <column name="HIP_CHAT_USER_ID"/>
    <column name="HIP_CHAT_USER_NAME"/>
    <column name="ID"/>
    <column name="REFRESH_CODE"/>
    <column name="USER_KEY"/>
    <column name="USER_SCOPES"/>
    <column name="USER_TOKEN"/>
    <column name="USER_TOKEN_EXPIRY"/>
  </data>
  <data tableName="AO_97EDAB_USERINVITATION">
    <column name="APPLICATION_KEYS"/>
    <column name="EMAIL_ADDRESS"/>
    <column name="EXPIRY"/>
    <column name="ID"/>
    <column name="REDEEMED"/>
    <column name="SENDER_USERNAME"/>
    <column name="TOKEN"/>
  </data>
  <data tableName="AO_A0B856_WEB_HOOK_LISTENER_AO">
    <column name="DESCRIPTION"/>
    <column name="ENABLED"/>
    <column name="EVENTS"/>
    <column name="EXCLUDE_BODY"/>
    <column name="FILTERS"/>
    <column name="ID"/>
    <column name="LAST_UPDATED"/>
    <column name="LAST_UPDATED_USER"/>
    <column name="NAME"/>
    <column name="PARAMETERS"/>
    <column name="REGISTRATION_METHOD"/>
    <column name="URL"/>
  </data>
  <data tableName="AO_A44657_HEALTH_CHECK_ENTITY">
    <column name="ID"/>
  </data>
  <data tableName="AO_B9A0F0_APPLIED_TEMPLATE">
    <column name="ID"/>
    <column name="PROJECT_ID"/>
    <column name="PROJECT_TEMPLATE_MODULE_KEY"/>
    <column name="PROJECT_TEMPLATE_WEB_ITEM_KEY"/>
    <row>
      <integer>1</integer>
      <integer>10000</integer>
      <string>com.atlassian.jira-core-project-templates:jira-core-project-management</string>
      <string>com.atlassian.jira-core-project-templates:jira-core-project-management</string>
    </row>
  </data>
  <data tableName="AO_C16815_ALERT_AO">
    <column name="CREATED_DATE"/>
    <column name="DETAILS_JSON"/>
    <column name="ID"/>
    <column name="ISSUE_COMPONENT_ID"/>
    <column name="ISSUE_ID"/>
    <column name="ISSUE_SEVERITY"/>
    <column name="NODE_NAME"/>
    <column name="TRIGGER_MODULE"/>
    <column name="TRIGGER_PLUGIN_KEY"/>
    <column name="TRIGGER_PLUGIN_KEY_VERSION"/>
    <column name="TRIGGER_PLUGIN_VERSION"/>
    <row>
      <integer>1723708492270</integer>
      <string>{"thread":"http-nio-2990-exec-3","query":"{key in ((10006, 10005, 10004, 10003, 10002, 10001, 10000))}","reason":{"query":{"whereClause":{"name":"key","operator":"IN","operand":{"values":[{"values":[{"longValue":10006,"stringValue":null,"name":"SingleValueOperand","displayString":"10006"},{"longValue":10005,"stringValue":null,"name":"SingleValueOperand","displayString":"10005"},{"longValue":10004,"stringValue":null,"name":"SingleValueOperand","displayString":"10004"},{"longValue":10003,"stringValue":null,"name":"SingleValueOperand","displayString":"10003"},{"longValue":10002,"stringValue":null,"name":"SingleValueOperand","displayString":"10002"},{"longValue":10001,"stringValue":null,"name":"SingleValueOperand","displayString":"10001"},{"longValue":10000,"stringValue":null,"name":"SingleValueOperand","displayString":"10000"}],"name":"MultiValueOperand","displayString":"(10006, 10005, 10004, 10003, 10002, 10001, 10000)"}],"name":"MultiValueOperand","displayString":"((10006, 10005, 10004, 10003, 10002, 10001, 10000))"},"property":{"defined":false,"empty":true,"orNull":null},"clauses":[]},"orderByClause":{"searchSorts":[]},"queryString":null},"numberOfClausesInQuery":7,"executionTime":526,"numberOfResults":7,"collectorType":"TopDocs","name":"com.atlassian.jira.issue.search.metrics.LuceneQueryExecutionEvent"}}</string>
      <integer>1</integer>
      <string>JQL</string>
      <string>JQL-1001</string>
      <integer>100</integer>
      <string>jira</string>
      <string xsi:nil="true"/>
      <string>not-detected</string>
      <string xsi:nil="true"/>
      <string xsi:nil="true"/>
    </row>
  </data>
  <data tableName="AO_DEB285_BLOG_AO">
    <column name="AUTHOR"/>
    <column name="ID"/>
    <column name="TEXT"/>
  </data>
  <data tableName="AO_DEB285_COMMENT_AO">
    <column name="AUTHOR"/>
    <column name="BLOG_ID"/>
    <column name="COMMENT"/>
    <column name="DATE"/>
    <column name="ID"/>
  </data>
  <data tableName="AO_ED669C_SEEN_ASSERTIONS">
    <column name="ASSERTION_ID"/>
    <column name="EXPIRY_TIMESTAMP"/>
    <column name="ID"/>
  </data>
</backup>